contact_id,email
138b20d9-7c9b-45a5-9f1a-4f7ab86ce265,jbutt@gmail.com
7413d3fa-19ad-4d03-b423-17263d2f70c9,josephine_darakjy@darakjy.org
700f1122-89e1-4f6a-aa45-eeb229a53997,art@venere.org
a9e76ce5-8f1b-40dc-a2d9-435d29390185,lpaprocki@hotmail.com
f9334eb4-a51f-4224-b9c1-33b7a05be29b,donette.foller@cox.net
dbc7311d-98c5-4270-b0a0-e2d47391073b,simona@morasca.com
bec07258-ff08-40ad-8b5c-18a0fb42eef4,mitsue_tollner@yahoo.com
4678fc5f-7d94-4fea-a919-e8e9ff097f83,leota@hotmail.com
281f6d4a-557f-4b57-9bf4-a9809d44ec95,sage_wieser@cox.net
86e34783-dbb1-4119-a30e-0e709d3a70bb,kris@gmail.com
fb32a0a2-e3bb-473a-a785-5c04cdde93fb,minna_amigon@yahoo.com
5e05e1de-c7b2-447f-b7f7-c40a1c93f59d,amaclead@gmail.com
dd80991d-f862-4779-b8f1-3f451f6df02c,kiley.caldarera@aol.com
babf40e9-bff0-4ba5-82ec-769ba70f1956,gruta@cox.net
2725a407-de99-446e-afed-5f5574db418e,calbares@gmail.com
f54685d3-c7fa-40a6-87b9-30b97fb27992,mattie@aol.com
3b48f481-a62a-4108-8789-345685e2c67e,meaghan@hotmail.com
7d923c7a-e76c-49ba-a679-a58432e35c3b,gladys.rim@rim.org
3fe4e9dc-d356-48be-b921-93eedea91175,yuki_whobrey@aol.com
bcda638c-c8aa-415b-91a6-fed937b9d4a1,fletcher.flosi@yahoo.com
a33b256a-00c5-4ce8-9be3-d7664f655928,bette_nicka@cox.net
6a1dff44-a0aa-429f-b973-2c679536e4a1,vinouye@aol.com
d88160a5-b5fb-4b00-b5f9-800ca69163c6,willard@hotmail.com
6ad19887-0fa5-4538-a00e-5e04c1a7cc03,mroyster@royster.com
4efb1625-accb-4966-99bf-3b5e5018d481,alisha@slusarski.com
bae1522a-8c4a-427b-b825-5d547f761624,allene_iturbide@cox.net
b1ad9ab5-b55a-471f-9d8f-9bd522f5bdc7,chanel.caudy@caudy.org
c6f3e7e7-2be5-4fca-b841-fffe4e566ef7,ezekiel@chui.com
29d9f90e-6499-434c-8e16-d7fee57752e0,wkusko@yahoo.com
63728146-1de8-4e07-b5ae-5372673a67bb,bfigeroa@aol.com
b31d4f4b-6b9a-4c7d-ac17-0c0aa74aaaf2,ammie@corrio.com
411da556-f471-4ce4-8a9e-0cc7809777ca,francine_vocelka@vocelka.com
dee52f02-0197-4584-bce2-8c22ff9192bb,ernie_stenseth@aol.com
960db418-4122-4629-b95c-3e00808294cc,albina@glick.com
addbd8f1-ffd6-43e5-8888-2e15a0326f9c,asergi@gmail.com
975c0f51-8669-44d9-a99e-ec786b00754e,solange@shinko.com
8a156e48-5c71-478b-b5ce-4b336afb7e7e,jose@yahoo.com
142a7c26-47c5-4d44-96d9-93b6fbf8095a,rozella.ostrosky@ostrosky.com
21012fa9-f7ae-4740-9929-5e78e4c03f41,valentine_gillian@gmail.com
021b2e26-cb43-4fc8-b734-9f1fd345d2a0,kati.rulapaugh@hotmail.com
acea702f-6a01-431b-a743-b5bb955fc090,youlanda@aol.com
a6197e9b-4220-4b6d-b1b2-1b9582fb13c5,doldroyd@aol.com
0db7c1b4-26a5-489a-b91b-b2b064953912,roxane@hotmail.com
1830132f-2e43-4f28-a0d4-7f089485e7d5,lperin@perin.org
473eaedc-3da8-4c9f-950d-9c6d448af77d,erick.ferencz@aol.com
f485bd06-1c06-4ebe-87e9-1b7730d45d86,fsaylors@saylors.org
22f4ed13-a271-4cb8-b1e4-dc4c921eed7e,jina_briddick@briddick.com
e4300b5f-bc3b-4314-bae7-5bff8f3b6bce,kanisha_waycott@yahoo.com
faebf06a-9fca-4eae-9c75-74bed8f0072e,emerson.bowley@bowley.org
658b12b3-e456-48e4-b2a1-f72fb3243ab1,bmalet@yahoo.com
c1eea02c-def2-4292-9b5b-2436ce7a1be7,bbolognia@yahoo.com
d45c3e5a-9bab-40da-a222-3d65c1bc4705,lnestle@hotmail.com
c25221a0-e53c-4ad0-8223-f38144d947ca,sabra@uyetake.org
44b62ff7-1946-432c-938e-3018b037ffcd,mmastella@mastella.com
70c2e6f3-50c2-4619-ad43-d12f16ca448a,karl_klonowski@yahoo.com
16f1acd8-9685-4d5c-a8ef-6f08a776f4cb,twenner@aol.com
3ad7deb4-9f71-49b4-8cc8-3575f2e92ffa,amber_monarrez@monarrez.org
40479913-7e03-4e74-bdf9-0690e1b9fbfd,shenika@gmail.com
52e143da-6902-4022-bebb-5780155e3091,delmy.ahle@hotmail.com
526ea4c6-3d96-4dd9-881d-a4a921896ec6,deeanna_juhas@gmail.com
04a14790-1363-4f8c-a5d0-aac0bbec47aa,bpugh@aol.com
0ada82ea-3312-4835-8308-85e39e9bea5f,jamal@vanausdal.org
0ead224e-5e34-487b-9a90-5196c09b14e4,cecily@hollack.org
71828e58-9f04-45b4-924c-8f6295d1d505,carmelina_lindall@lindall.com
6cc456e4-8bbf-428a-8278-569a2e611c2d,maurine_yglesias@yglesias.com
a70ef5a9-dc4f-4460-ae21-c81517d35cdf,tawna@gmail.com
ac9c2afc-a744-4cc5-a718-df270d094d98,penney_weight@aol.com
dc3c62a8-82a0-45eb-bb78-969ba51c6c3c,elly_morocco@gmail.com
a87e1812-0e0e-46ad-9ea1-c64eb2863952,ilene.eroman@hotmail.com
67cfecdd-1ed6-41d5-8dd8-4888d58dc518,vmondella@mondella.com
f1e64fac-38d5-4f64-be6e-41f58f0a6a29,kallie.blackwood@gmail.com
49d19c22-33b2-4270-bfbf-ddc2c7f2705f,johnetta_abdallah@aol.com
2003909e-2918-45b4-b6ed-860e2ebb0196,brhym@rhym.com
d9361f06-3ec5-4bfa-8ce4-233d2acc9599,micaela_rhymes@gmail.com
6a1a2726-af3d-46a9-b6e6-bf59c825759d,tamar@hotmail.com
5198446b-ad85-4ac3-aa5a-6f93edb3880b,moon@yahoo.com
22433c7e-ea71-496f-a3d8-6d099f18d891,laurel_reitler@reitler.com
27190d47-a0d7-4f0e-967a-83a253ec7688,delisa.crupi@crupi.com
fa85b87f-944d-4d5c-b45f-d9d181d80519,viva.toelkes@gmail.com
0e77ea55-76ae-4f18-83dd-dc7451a05486,elza@yahoo.com
e59471c4-05e5-49aa-a5ee-f7d26fe6700b,devorah@hotmail.com
f315649b-1359-42f1-a1a7-f8aeae9fcd55,timothy_mulqueen@mulqueen.org
559bbe2e-b286-42eb-af47-ae134488201f,ahoneywell@honeywell.com
28462778-0f2b-4858-a082-09c2bf292c75,dominque.dickerson@dickerson.org
0f127f77-dde0-4390-b17a-c457f1dc7996,lettie_isenhower@yahoo.com
17639b29-37e3-4bb5-86ed-5c9e85d676a0,mmunns@cox.net
5d41788e-57f3-43e2-b263-67e7973b5d56,stephaine@barfield.com
42d8dfa8-59a4-4062-9a75-622b990aaf1b,lai.gato@gato.org
a756436e-08b7-45ec-a6a4-764821da9a41,stephen_emigh@hotmail.com
701add60-3379-4cd0-bc20-35abe78b78ba,tshields@gmail.com
3c58dbea-7a36-4095-a476-23179c621deb,twardrip@cox.net
f9ea9f1b-7d55-465a-8250-eb128133fd76,cory.gibes@gmail.com
10874525-6d2f-47d5-bffc-154b46d1e09a,danica_bruschke@gmail.com
0b9f4cca-483c-4daa-8774-0d4f4cddd3f6,wilda@cox.net
4ab77c75-e0b1-42b3-9ff6-1c445d9ed456,elvera.benimadho@cox.net
e878cbd2-c4ef-4212-bf4a-48e688788f2f,carma@cox.net
c01e0c6d-6a23-4311-b2b4-93b9e97dab9e,malinda.hochard@yahoo.com
6a43da27-610f-4801-b3f1-08007abe61be,natalie.fern@hotmail.com
8de13f55-d60c-4ea3-b07d-26cef449ba8e,lisha@centini.org
ab7d0646-2cf7-4492-8d43-7ea8ca2597cc,arlene_klusman@gmail.com
eaafa4c8-7625-4a74-ada0-7662fd42d508,alease@buemi.com
4be1596c-a67d-4bab-b2c1-7053cf1af48e,louisa@cronauer.com
bfaebeb7-5e46-441d-93d7-032841c1650b,angella.cetta@hotmail.com
740fcd69-8f14-439f-a54f-ed08fe9ce1ac,cgoldammer@cox.net
f9efd704-9501-4567-8f14-ad7a34de3148,rosio.cork@gmail.com
351a42dc-c4e3-4ac6-a621-9e1d2e1f41d2,ckorando@hotmail.com
c0eed69d-d1cb-436c-9c43-cbbef819b897,twana.felger@felger.org
7bb5ed90-bcf3-4565-bb87-a7e2d32680ec,estrella@aol.com
08e57411-7e3c-4d43-9353-d590f269cd24,dkines@hotmail.com
9052300e-7d9f-4386-a876-3468af988e35,tiffiny_steffensmeier@cox.net
d8e0b84c-0504-4d2e-b586-1095bba2c3a1,emiceli@miceli.org
13d33415-ed73-4f10-832a-766c2f478ba1,sue@aol.com
c22d3bad-4beb-414c-b932-167a10e47226,jshin@shin.com
e2eb3731-0c42-4188-aeb4-4f6f0f84e64c,rolland@cox.net
85763026-0d83-4574-b841-08780adb0331,pamella.schmierer@schmierer.org
5acef2d8-35a4-4855-be05-d426e2922e51,gkulzer@kulzer.org
edb8e29d-4cf4-4007-8dde-347998683e77,shawna_palaspas@palaspas.org
cef4e500-bde0-4f48-9043-04125e2994ba,brandon_callaro@hotmail.com
34b9ff27-35d0-4a1b-9f43-786615c825d1,scarlet.cartan@yahoo.com
189587f1-54e9-4a82-90a8-9378a01d440f,oretha_menter@yahoo.com
07a54786-272b-4475-9edc-2e04520c95c5,tsmith@aol.com
aa0bf607-abfe-429a-b6f3-5d50bcccf946,xuan@gmail.com
c030d983-48b3-4b4a-b819-5893c682dfbe,lindsey.dilello@hotmail.com
c42b429f-8317-49e4-ab59-912301c78450,devora_perez@perez.org
aa0300d7-94b7-457c-af4b-953bd8c4ed68,hdemesa@cox.net
2a136dfb-6dea-4e08-8555-8b70fe23891d,rpapasergi@cox.net
508bfbfa-06f3-4770-8673-d6bab2fbede3,talia_riopelle@aol.com
32e0c8c2-4320-4b76-bd55-54f9f6cf34ab,van.shire@shire.com
47273fb0-b48a-4845-9e90-5f0425c25b4d,lucina_lary@cox.net
ef0ea390-7d19-4696-88ca-ef08bc4c33db,bok.isaacs@aol.com
0f670f13-9220-43a7-8b4a-2e29e962a567,rolande.spickerman@spickerman.com
9f0b15ef-3179-48a2-9433-2b765ca56c53,hpaulas@gmail.com
3621fc32-4409-4276-9917-75250a604b96,kimbery_madarang@cox.net
2c6489db-848a-47d7-baef-2c57dbcda603,thurman.manno@yahoo.com
b65eafb4-b2ec-4cd5-96e2-95ae5103c8c1,becky.mirafuentes@mirafuentes.com
9c3a0fa6-8e05-4924-a6f9-010fe5281c0b,beatriz@yahoo.com
9fc83bd7-5a5d-4631-bb3a-2418cac0ca7a,marti.maybury@yahoo.com
9685b050-cb53-43d0-89f3-653178f134d3,nieves_gotter@gmail.com
bcfaed87-5f3a-452b-8d33-b071551239b7,lhagele@cox.net
49acd48c-fc12-48b6-9d9c-327e37559c07,vklimek@klimek.org
ee827b5e-a52f-4240-8a66-59e09048f570,melissa@cox.net
c70f6ec2-0912-4440-b986-57f54aeffd68,sheridan.zane@zane.com
b9180cd8-7695-4a7a-b967-6ce091c1d838,bulah_padilla@hotmail.com
526fab8d-dee8-4666-824f-78cdfe6047eb,audra@kohnert.com
ae47d76b-f83e-466e-9e69-6b53181a22b4,dweirather@aol.com
a145c743-8d61-4821-869b-dcb6f7152c63,fjillson@aol.com
af717e23-00c6-4ec9-86d7-deceec3e1f3a,gearldine_gellinger@gellinger.com
b1f2b0b1-e939-4fb5-aa4e-5f981e1a19bb,chau@gmail.com
df33c7a1-0455-441f-8982-6837c8a8adc7,theola_frey@frey.com
c26846c6-dc8c-4917-9c5f-f318fe156b38,cheryl@haroldson.org
a542a2e7-cb12-4408-b0fd-bbaa27e799fe,lmerced@gmail.com
81b071c3-f09f-4efa-a3c8-d60ea8096ed7,carissa.batman@yahoo.com
732d568a-ee6a-43dc-ab11-5a6da1d0c56c,lezlie.craghead@craghead.org
ea04d340-f714-4c18-afe7-177c3c197798,oshealy@hotmail.com
96bc2ede-3eb2-4e24-8c91-ab3a7fc9c902,arminda@parvis.com
79772787-4ac6-44d3-93b7-1df092ae607d,reita.leto@gmail.com
f4bc5c5e-1461-493e-a689-aa65e7f84fc9,yolando@cox.net
9ae0aa49-132e-4528-82e8-c61540bab392,lizette.stem@aol.com
3f5c662f-b494-414b-a015-62cea9ec6d1d,gpawlowicz@yahoo.com
9f6e0e69-30ab-4f41-90ee-7bb5ba6ed39d,cdeleo@deleo.com
dd4f1f45-fd66-44ff-9771-9cdde016af06,chantell@yahoo.com
eae0f6ed-2ccd-4b7c-8351-5c6bbec5ac65,dyum@yahoo.com
db0774a7-9374-4f9a-938e-a23317459eeb,larae_gudroe@gmail.com
e3072887-afd5-4f1c-94bf-1a4a48069046,latrice.tolfree@hotmail.com
415018f0-92ad-42f7-a867-820a83e53a50,kerry.theodorov@gmail.com
6751673d-e73f-4efa-8f69-5592e1e7dd49,dhidvegi@yahoo.com
80e19847-76eb-4e7e-bd17-a9d2de815736,fannie.lungren@yahoo.com
b906e3e0-fa2d-4dd8-b9be-2c230705fe59,evangelina@aol.com
38a5a789-fee4-41ff-a61d-5e03be19058a,novella_degroot@degroot.org
02c6a7bf-6bb7-404a-8a3f-cf4245b78d9e,choa@hoa.org
c6adfcca-f5f1-47ba-9ae1-8addaf0e85de,jfallick@yahoo.com
46b529db-9c4d-4ca7-a31b-bb3e3899def0,irma.wolfgramm@hotmail.com
d2fc8a95-e42f-45ca-9788-6ac94eb8f94c,eun@yahoo.com
1b51ddc4-5d2c-4f71-bb39-c38ca0c6cf76,sylvia_cousey@cousey.org
0f7b3e7f-1d82-4d18-9fec-c939877cb5d3,nana@aol.com
788d37a1-2da6-4eca-9d41-3651e6461d24,layla.springe@cox.net
320df645-7037-434e-a2d8-e08266d18067,joesph_degonia@degonia.org
0c02c033-0e7f-4160-a575-ba71f83e8f90,annabelle.boord@cox.net
6647fe21-d48b-44dc-aa87-99a513c22867,stephaine@cox.net
0a38de65-c4c9-4fe4-a33c-a0518456a4ee,nelida@gmail.com
62589148-eaf2-410f-8f6e-a8348f24d08a,marguerita.hiatt@gmail.com
56007fc7-16df-4b3e-949f-ebcd82b4b397,ccookey@cookey.org
761dc9e6-a0ba-4e67-9ec4-860a5772b605,jbrideau@aol.com
488ac626-de4b-4a42-a6ad-1fffc29f29fd,claribel_varriano@cox.net
a3fab974-610e-4d60-887d-08e95b08bd9d,benton.skursky@aol.com
fa6b27b2-7107-462a-b927-dbbf29256fa7,hillary.skulski@aol.com
6d9dd486-679b-4dee-a453-546bac380e42,merilyn_bayless@cox.net
02be165a-edfb-40b2-afd1-1753a2a80560,tennaco@gmail.com
6c59354b-05e9-4dbb-8854-dcd7204a0fa3,merlyn_lawler@hotmail.com
953c9fec-131d-47ae-b806-7bafc8b1662b,gmontezuma@cox.net
87826dab-a20a-48da-a72d-b92dfa7fe4d3,jmconnell@hotmail.com
1a751864-79a7-4162-93fd-31c00900a755,lemuel.latzke@gmail.com
e7269b0d-2850-4872-8a15-736c2e4806a3,mknipp@gmail.com
e2e06590-30b3-463b-9202-cb54a83aaa30,candida_corbley@hotmail.com
fd993927-ed1e-4b68-95bb-5a94168920a5,karan_karpin@gmail.com
5b6f8f6f-b2b6-4fca-9720-52bfb87b6f6f,andra@gmail.com
9b62f167-b36a-45b4-b675-8da12f029c77,fpoullion@poullion.com
c76c1f62-dd18-415c-915e-cec97c47a9ba,belen_strassner@aol.com
1c460517-168c-410b-8c35-b21fbad1c1f2,gracia@melnyk.com
ad2297a4-d576-4e46-8723-db7ed4b25a1c,jhanafan@gmail.com
3623aeec-1846-4112-b4f4-d484c64c884b,barrett.toyama@toyama.org
2d23c36e-76b7-481e-9950-5d2bed84ff78,helga_fredicks@yahoo.com
403b27e7-2507-470e-bc16-69dc129cfe91,apinilla@cox.net
62fd0ad2-f449-4ec1-905e-8e5d41a3908e,fausto_agramonte@yahoo.com
520cbf8b-3d2b-425a-b3cc-b794e4ec9293,ronny.caiafa@caiafa.org
53577544-5805-4483-b97c-21500634c08e,marge@gmail.com
286c3266-5a45-4437-acec-c905f2699d3d,norah.waymire@gmail.com
e196ecc6-d183-40d1-8ee3-6eff3e328034,aliza@aol.com
1cf8222e-0796-4b46-9500-5208118da67c,mpelkowski@pelkowski.org
1f0f5153-bf6c-41ef-ba80-396066091681,viola@gmail.com
65e776ea-d656-4248-b785-8fb6c7b48822,femard@emard.com
88a4705b-6d7a-4fba-a679-15012a0b0714,willodean_konopacki@konopacki.org
13aa70ed-18ce-4698-9439-f3874dcb7d8c,beckie.silvestrini@silvestrini.com
bbdc6e85-fcb3-4d35-bea9-c2c2b9c92830,rgesick@gesick.org
0202802b-fb0d-40f3-9bd9-5c7754d8511b,frederica_blunk@gmail.com
7b5d2c60-9146-4972-aedf-826a964ff3a9,glen_bartolet@hotmail.com
3e99966b-968e-4251-a490-9bbb446f3d84,freeman_gochal@aol.com
96596cf3-b659-4cb4-bf53-111d8f6c7d6f,vincent.meinerding@hotmail.com
7956ce85-7995-434a-ba97-5dcf0e3aa1b8,rima@cox.net
7474a209-847a-4a99-9852-57bbc3042cfc,gsarbacher@gmail.com
119766fd-3330-462e-b504-6c843f0892f1,avery@cox.net
e52c547f-969e-4c72-990d-15bf480560f1,cristy@lother.com
9d89fcbf-5908-4371-9dd5-ff053b4ed6a7,nicolette_brossart@brossart.com
220ca737-cd99-4420-b46a-afaeebb8428d,tracey@hotmail.com
8e12db28-2efd-4e23-9126-204ffafec00e,virgina_tegarden@tegarden.com
fadf6015-11bb-4088-9847-2dd2303b0193,tfrankel@aol.com
c172960b-d285-421c-b04c-7ee0c160a2be,alaine_bergesen@cox.net
92283690-a6eb-4147-8ed8-3bdc59fb9bed,earleen_mai@cox.net
eb8c12c2-81c8-4b80-b0ad-7dc4eb18077c,leonida@gobern.org
2bde3e0b-346d-4b4b-b266-cdab3e08ac30,ressie.auffrey@yahoo.com
2f3a5916-6439-49b5-8cf6-a002ea40454b,jmugnolo@yahoo.com
00614ee6-8842-48d3-8a30-0e7cb8ab57b1,eladia@saulter.com
fa3f57e3-3c09-4bd6-bb77-349d27d67870,chaya@malvin.com
38515142-00a3-48fe-9888-a2fbbd0ad975,gwenn_suffield@suffield.org
aa947cf8-392e-48a5-989a-05f8874433b3,skarpel@cox.net
6ac04764-0812-4870-a7b0-177add6e9677,yoko@fishburne.com
d6bccc2f-6085-4895-9d00-21614aef3fe9,taryn.moyd@hotmail.com
520fd3c5-0e2b-4efc-83b4-b22f3ea766a6,katina_polidori@aol.com
6f29b51d-71b5-4c6e-b188-e55ab56d4bef,rickie.plumer@aol.com
9b14a88b-5822-45ae-aa5d-c4e9849f9f1e,alex@loader.com
daa0754d-828f-4c27-8716-5670b3f09c3e,lashon@aol.com
72f07583-abad-4b4f-b46d-3e7b110157d6,lburnard@burnard.com
19f8a04a-a391-403a-aa31-e0e3f8c729e0,ceola.setter@setter.org
d8ffbbcd-1eae-45e5-a874-2f75e4136cfa,my@hotmail.com
31f25383-4bf8-4c39-a152-8418b14d3510,lorrine.worlds@worlds.com
a3170acf-e1ea-4149-b10c-d1d4fc001cdd,peggie@cox.net
a4473993-156f-46a1-97e7-359cc8e23bb5,mraymo@yahoo.com
5bf5e986-8071-4e0f-8896-e0fa2d3888d5,daron_dinos@cox.net
99ba2f18-63e5-4639-8fe8-df1575165323,an_fritz@hotmail.com
5ebabfd2-61c2-45b9-863c-5fc305f65a3a,portia.stimmel@aol.com
9e84de98-740e-4136-adff-86d53c7b0e0a,rhea_aredondo@cox.net
ffdf7431-69ae-4866-85c3-3baf821342d3,bsama@cox.net
b1d5de7d-0c89-476c-b0fa-f9e03b82b7d0,alyce@arias.org
3073d041-211a-4e29-bd9b-c5b61de94428,heike@gmail.com
231c558f-e128-4b9a-a607-8823b8ff9b73,carey_dopico@dopico.org
9555e268-7fd0-4601-80e7-99fa0c2bebe4,dottie@hellickson.org
f48a50c6-dd81-4514-a402-71e774a21c57,deandrea@yahoo.com
81f1049c-a27a-433c-81fc-61f31f0da052,kimberlie_duenas@yahoo.com
8f536640-c9fd-43de-9374-7d40411009b9,martina_staback@staback.com
f7b08972-fabe-4d3a-ba80-a0a059975709,skye_fillingim@yahoo.com
18f7e524-a6c4-449b-a83e-83fc5408146e,jade.farrar@yahoo.com
1782f637-8fe8-4e4b-a924-806ecccf93a0,charlene.hamilton@hotmail.com
9c8ae162-fac0-47e5-b48d-f7c97f6d7f8c,geoffrey@gmail.com
547dab59-8dd1-428a-a881-5a77b50b05e5,stevie.westerbeck@yahoo.com
759f019c-4b75-4a32-a22e-0edd24f1b318,pamella@fortino.com
5a690772-3b3f-4d1c-ac49-971be027f221,hhaufler@hotmail.com
0dae2baa-3ae4-497f-bb62-39083e7656ea,jengelberg@engelberg.org
77e401d2-3840-4f95-9dbc-09883fd4febc,buddy.cloney@yahoo.com
9cd08f30-8cf6-451e-adfa-a494df3aef84,dalene.riden@aol.com
8f2cac9f-1da1-4285-8cae-e29422dd319f,jzurcher@zurcher.org
35835b17-5a44-4793-9189-1227d90b2fb1,hdenooyer@denooyer.org
4c5bed68-decc-485f-9a4b-d2bc679324bb,joseph_cryer@cox.net
6115a2a0-eeb8-4dff-be16-2560f8c1311f,deonna_kippley@hotmail.com
b519db47-a487-4b92-9059-845d47b183a8,raymon.calvaresi@gmail.com
3d1c7bee-f6b0-4e50-b233-18700223a63d,alecia@aol.com
5144f099-24f9-4803-8371-478e1432e413,mlayous@hotmail.com
85843149-0e4a-4630-8281-60ac6adaba8f,detra@aol.com
57a20375-21d6-43b6-a52b-5c62eec32f76,terrilyn.rodeigues@cox.net
c0454452-058c-492f-a050-03208b1e83af,slacovara@gmail.com
b89aada9-7c7f-4c0d-a60a-accd85b9efd2,garry_keetch@hotmail.com
465d6829-d1ee-41dc-8346-37dbc184147b,mneither@yahoo.com
6593256d-b2ca-4a58-a3ec-7f559c6fcc5f,theodora.restrepo@restrepo.com
8b4e0c9f-158d-404b-bbde-45bb5c1ccb0d,noah.kalafatis@aol.com
8cb77c37-67a3-4d5e-a074-21e0f6a0714d,csweigard@sweigard.com
afb24d2a-760c-491f-b9b2-36fff2656fe1,lavonda@cox.net
2ab760db-98a2-4a74-ab3d-d22a4b9112a5,junita@aol.com
e90ab292-e51c-456a-b7ce-e925b39dfa6f,herminia@nicolozakes.org
df321a25-c7e7-41a5-aae4-46d0061c02c9,casie.good@aol.com
94d7da5d-e5a6-4b6c-8dfb-12c93196031d,reena@hotmail.com
eab41d68-99d2-4336-9db1-5462a154d6f0,mirta_mallett@gmail.com
693cc5ca-7608-44e3-a05f-0355d4a64268,cathrine.pontoriero@pontoriero.com
c19c79b6-6f51-4220-9d93-928d5a899cb3,ftawil@hotmail.com
963771d9-4cef-4a9b-9920-3b469522f8a8,rupthegrove@yahoo.com
fa73a14a-8646-47a5-9b9f-778929a787a3,sarah.candlish@gmail.com
ae021ad8-8a98-4358-87bb-3b45d33b535b,lucy@cox.net
40d6dd6d-ddb0-43a6-aa1b-0f1a6b098dc7,jaquas@aquas.com
515a0051-2579-497b-bbb7-838228b0e075,yvonne.tjepkema@hotmail.com
0f0d8817-7fe6-44a3-9896-6c770756e8f5,kayleigh.lace@yahoo.com
64afc671-c4ab-4be2-9f97-7373f27ae725,felix_hirpara@cox.net
a16f7248-3482-4006-a9ff-7e53c4766ce2,tresa_sweely@hotmail.com
3c1268f3-4c17-4178-a09b-34654b76071b,kristeen@gmail.com
0ca31326-e27a-4436-bdd3-70c5bcd69910,jregusters@regusters.com
586e615b-f49e-4efe-901a-9bb2734c9830,renea@hotmail.com
1369420b-3ee9-42cc-878a-16369e74c55c,olive@aol.com
ec0f52c0-a986-44c0-9b09-7ce2f11ed202,lreiber@cox.net
692ada47-7949-458c-99e5-b10735a927a8,christiane.eschberger@yahoo.com
200586c5-2d1a-4f0f-ad57-ae7245321270,goldie.schirpke@yahoo.com
15c78959-8460-4567-b2b6-ab0cb77dd900,loreta.timenez@hotmail.com
8e4f5c14-0732-46fc-9da7-345c194056cf,fabiola.hauenstein@hauenstein.org
9179e8e8-12cc-4059-bf39-a6295a5c9772,amie.perigo@yahoo.com
8242f1b0-637c-4d00-8a70-3a4e5e933e4f,raina.brachle@brachle.org
791a56b6-caab-4f73-bb68-381ba2ac6224,erinn.canlas@canlas.com
4a6c5eba-8fed-4de0-9470-08e37461af68,cherry@lietz.com
47619110-376b-41b7-8e6a-ef01c4555c96,kattie@vonasek.org
fb6935b4-838d-4388-9311-c37de1a734a9,lilli@aol.com
bcacc1c1-5a2b-4b02-ba80-c736ccf405e2,whitley.tomasulo@aol.com
9dd9cf24-26b0-411f-9ea1-976f4af66811,badkin@hotmail.com
9a12c81a-ad09-4077-b02b-96a396957ced,hermila_thyberg@hotmail.com
3df4d73a-1930-4c4c-bd26-a77daf1605ca,jesusita.flister@hotmail.com
edd1e223-7096-4a26-8dfa-599e48a79d03,caitlin.julia@julia.org
f51757bc-bcd7-4419-8660-97cc3d4822d5,roosevelt.hoffis@aol.com
16e5dca3-c462-498e-ac0d-425530baa234,hhalter@yahoo.com
1da65ab0-c8a9-4f37-9e07-4d532ed5ad06,lorean.martabano@hotmail.com
fbca10d4-f83a-4087-988a-cecc59ac4fc1,france.buzick@yahoo.com
6b7c37ea-63a3-41fe-8cfc-d6ad14abfba3,jferrario@hotmail.com
1d70dfb5-6c6a-4520-a799-24d12d4af6a4,adelina_nabours@gmail.com
8e34eb54-398f-41e4-a0e0-b8d55941fc19,ddhamer@cox.net
bba66694-15ed-407f-a1d2-6190c56b43d9,jerry.dallen@yahoo.com
a1435682-7947-45d9-8caf-de0016696975,leota.ragel@gmail.com
10ede64e-6368-487b-9836-b7f915fd7c51,jamyot@hotmail.com
60077096-f61d-422f-af17-16f1b7983a05,aja_gehrett@hotmail.com
b0a76c03-0d73-4e4c-b0c0-40a793625c45,kirk.herritt@aol.com
6c847924-2ddb-447f-909a-09dd71cd712f,leonora@yahoo.com
26cb0b00-f164-490d-a125-8d8c74e7bda0,winfred_brucato@hotmail.com
fd51fdb2-82c9-4bbd-945e-536c6f4b12a8,tarra.nachor@cox.net
3e1bb49f-0004-47a6-9223-96f501c8bbf5,corinne@loder.org
4673a705-6df0-4f7f-b789-fe2e589b65cb,dulce_labreche@yahoo.com
c6727bb8-6ba3-4c50-8c42-0f5902427265,kate_keneipp@yahoo.com
d0a256da-4df0-4f10-a33a-e870692ab629,kaitlyn.ogg@gmail.com
0d57cb3a-c736-4b62-a995-31446b9778bc,sherita.saras@cox.net
f92b1614-1d20-4056-9c48-64fa653dcafa,lstuer@cox.net
19054f0d-873d-4b3e-8898-52c09107121d,ernest@cox.net
1c4b781e-3c7d-4df4-92af-eef2f2aace7e,nobuko.halsey@yahoo.com
77f89042-2c87-4108-8d82-cf36c97933ff,lavonna.wolny@hotmail.com
fbd688c0-35b8-4f2f-8efc-144fdb33925d,llizama@cox.net
b0c79662-622b-4afe-a946-9763a478138a,mariann.bilden@aol.com
6745d081-cba7-45c4-847e-f804a21273c3,helene@aol.com
00b04c9b-b8fd-4a0e-89e7-7ada002ce9a3,roselle.estell@hotmail.com
c074da89-4ca5-45b0-8e19-91a22ecc0ad2,sheintzman@hotmail.com
acbc1a45-4269-421d-85fb-7486d1ee9b2f,margart_meisel@yahoo.com
bc3fb088-4b2b-46a6-882d-1445bc595189,kristofer.bennick@yahoo.com
dc49baa9-c3e6-4424-b433-e4a6e8b3e7a0,wacuff@gmail.com
7a853929-215e-4cf3-bb5e-3c5bd8d45d91,shalon@cox.net
d4993c84-6e70-44cb-b18a-c5b73b861cac,denise@patak.org
a3fa38e1-5c77-4498-98de-245411eec4f6,louvenia.beech@beech.com
7cc8f6e0-3725-4ff6-8365-e1b63df3321c,audry.yaw@yaw.org
aa701434-4fa9-4274-aeb8-b3b16ab7e397,kristel.ehmann@aol.com
68cbd1a3-8a36-4602-9842-9e074d34d05b,vzepp@gmail.com
fefef804-2834-4260-b852-017d9c5872cf,egwalthney@yahoo.com
ea0c5a43-d3f8-44c0-af72-6c00c0011560,venita_maillard@gmail.com
d70c71cf-d75f-4432-94ff-4080aad089ed,kasandra_semidey@semidey.com
da3a22f1-c299-4289-96fc-8ac485248f17,xdiscipio@gmail.com
2b0c052e-ba2f-4ccc-8740-1a0f71a78682,mlinahan@yahoo.com
a22c3088-de3a-437e-8f17-439afa291230,krauser@cox.net
192302eb-693e-4158-9cc6-8a92c062cd36,pdubaldi@hotmail.com
fd08a6da-094a-4761-a58b-f43b6a0d5bc8,linn_paa@paa.com
fa101e0b-d31d-4bfd-8044-c0059d4a2db5,paris@hotmail.com
1bc5dadd-b3d1-4cfd-94d4-89e94fa9b87e,wynell_dorshorst@dorshorst.org
23282578-afb4-48d9-a1a7-7908f9bfd533,qbirkner@aol.com
fcb96274-20bd-49d1-9260-bce2d616bfa0,regenia.kannady@cox.net
ff501966-0871-4797-b085-f3d58b05b07e,sheron@aol.com
5d3ab715-ff3d-4441-9bcf-aa4debc135f6,izetta.funnell@hotmail.com
5d5bcd67-5b57-434e-af31-f9a30af44478,rodolfo@hotmail.com
0588c0bc-4676-4969-a6cd-dc46fb6ca6ff,zona@hotmail.com
8876026a-02e5-4a99-84a7-bfde07b6a26f,szagen@aol.com
e67283c5-3beb-4b8d-bcdd-a2ba1d3e4adb,paz_sahagun@cox.net
1f29fe64-a077-412e-bf88-c32905f1b197,markus@yahoo.com
8a8d8953-5ac3-4b6a-8569-4d4459ed74d3,jaclyn@aol.com
67eb5014-cda3-4653-a61f-70eab2789ceb,cyril_daufeldt@daufeldt.com
46b10d31-9fe8-4d66-a74f-482d1e4df61e,gschnitzler@gmail.com
f7657344-e2a7-4a7d-ab90-d8c5b648d199,erick_nievas@aol.com
cdce2b67-4725-42db-a839-ddf6c0a72091,jennie@cox.net
d1bbfbeb-b0c0-4f76-9d95-00ac696310a6,mscipione@scipione.com
07578e3b-198d-4e56-93a2-be33bea84d37,cventura@yahoo.com
dc8c2e96-f14b-475d-99bf-e35bb5aae0e9,galen@yahoo.com
4dd9af47-765a-4221-849d-1a7428b74ffc,tfeichtner@yahoo.com
2c53ed08-2d42-497b-a439-2c1ad1a45e34,gail@kitty.com
9a6432bc-8246-4f3a-9bf7-27ba229417c5,dalene@schoeneck.org
3de38d35-e533-46f0-92b2-749cff6d3b3a,gertude.witten@gmail.com
7fb3cb86-8a32-490b-af2e-3c81f071d5f6,lizbeth@yahoo.com
68b45dfd-8850-4cc6-ac56-7d1f48bfac4d,gberray@gmail.com
b1529c22-6910-4735-9203-b3dc677bd2a6,lashandra@yahoo.com
727f2e10-0021-45c0-80ff-606d2672f15c,lnewville@newville.com
7cbfc312-916c-4b32-8b1b-72b454eebd57,laurel@yahoo.com
40d76ad5-ab1a-4d20-8a30-38d921989198,mireya.frerking@hotmail.com
1dd6c722-1726-4f45-b9dd-27602f7a38f7,annelle@yahoo.com
42b792fd-a5a0-4ce4-a1e4-a1e0e755ca7a,dean_ketelsen@gmail.com
396c427f-ddc2-4d08-ad54-03cd40fc1d6a,levi.munis@gmail.com
d8a255c4-d885-42bb-8c87-8c346e2ef3e0,sylvie@aol.com
f80fff03-54d4-46fc-803f-d3172ab3205f,sharee_maile@aol.com
93068902-f21b-4fe1-90a1-a85113d3f65e,cordelia_storment@aol.com
b7dc8054-263f-496f-a0d0-a4f9790f41c3,mollie_mcdoniel@yahoo.com
957060f8-e901-4cef-928c-46815795c017,brett.mccullan@mccullan.com
ad6b45fd-7935-4866-8c5a-7afa08c109a5,teddy_pedrozo@aol.com
f49e56cd-ee8a-4409-b469-3c118dfc90a0,tasia_andreason@yahoo.com
203d2cad-2494-4b7b-ab50-c342057438d7,hubert@walthall.org
01e490fa-28f6-4a70-a6f0-c8b9716d4931,arthur.farrow@yahoo.com
54c40079-4ff5-435c-817a-759f93815419,vberlanga@berlanga.com
8f7ae606-89d5-4b70-aba0-23e89c665f7f,billye_miro@cox.net
ec2351c0-4640-44a0-abea-27cfade59d7b,glenna_slayton@cox.net
11ce0afd-00a6-476e-b131-c7fbb6b6441d,mitzie_hudnall@yahoo.com
a80bcd2c-bb36-4bbf-8380-91cf95ecba64,bernardine_rodefer@yahoo.com
4b0bbca3-caff-4156-8c89-5d83c6e63b16,staci_schmaltz@aol.com
e82529dc-2e0a-46ca-9438-f71533bebe9b,nichelle_meteer@meteer.com
3e33841e-791b-438e-b84c-cb11703ec50f,jrhoden@yahoo.com
ad462ae2-c7d7-451b-97a2-15521023916c,ettie.hoopengardner@hotmail.com
e1a1a5e2-fe3c-4ee0-9711-8ac77f80da3c,eden_jayson@yahoo.com
a2821f6b-9cd2-4c98-8eb7-ad57f35f56ee,lynelle_auber@gmail.com
b1b87779-996f-40cf-b685-67b4af94bea2,merissa.tomblin@gmail.com
5d110166-686c-4ae4-8915-9fdf6f23b248,golda_kaniecki@yahoo.com
73c81b76-91d4-4935-894c-53b4edda0864,catarina_gleich@hotmail.com
ad433b02-352f-44d4-9c45-f4bcf7f17326,vkiel@hotmail.com
7cdfcfe9-fbb9-4e5a-ade7-d89cfccdd583,jolene@yahoo.com
10924d02-2da5-4797-a194-1f85dda5e029,keneth@yahoo.com
78b78508-257b-4195-ac23-cbdb28bc16fc,rikki@nayar.com
c4f49129-e723-48b9-97cb-f064502ff18b,elke_sengbusch@yahoo.com
24fced80-8fc0-4388-a8ab-22cb7d93c9af,hoa@sarao.org
a38a63a7-296c-4c2e-a36b-0284133ccd68,trinidad_mcrae@yahoo.com
e081514d-805e-4660-88ca-95b4bf776eb6,mari_lueckenbach@yahoo.com
e78cab8c-a44a-4f0d-895a-98dc8c5feb57,selma.husser@cox.net
879632c1-8f04-4511-a46f-089fe2d0ea27,aonofrio@onofrio.com
e872f81f-2238-466f-a102-4bbe657b34b2,ljurney@hotmail.com
72d68231-8bbd-4ca0-8564-6a1056426220,clorinda.heimann@hotmail.com
c72f579b-f623-4c75-b5a3-b935c1918ada,dick@yahoo.com
ecca8bb0-5e97-4007-afc5-16d63bddc8f8,ahmed.angalich@angalich.com
2a5401ae-3a12-4664-b29c-c8c776410ffc,iluminada.ohms@yahoo.com
2905e8b9-b768-4ec4-83db-f029eff5119d,joanna_leinenbach@hotmail.com
14e7c3a8-9609-4785-b982-8202177a129a,caprice@aol.com
efbd8051-f81b-46c0-b231-309abe8474d2,stephane_myricks@cox.net
4532d625-1018-4cde-85e2-9db181b8d218,quentin_swayze@yahoo.com
14848f3b-61d9-467e-8733-2235d76967e3,annmarie_castros@gmail.com
52b12bdd-4812-4a75-9016-796b5d0ec7e6,shonda_greenbush@cox.net
f99a4528-26b2-4dbc-ac3d-ce37aa5cdc6c,clapage@lapage.com
cf3d8f5e-fc8c-437f-8efe-f0ad7ba29574,jeanice.claucherty@yahoo.com
4fee818e-57f6-45cd-b528-0a60078480e4,josphine_villanueva@villanueva.com
9cfe0fb7-770c-4caa-bb54-128a80f937dc,dperruzza@perruzza.com
1c978d3b-8e60-4059-9623-53d67019a983,cassi.wildfong@aol.com
5820a39d-6879-4879-b72d-d821e4c0add0,britt@galam.org
5e4420ac-03a0-4720-9a33-47c017fabce8,adell.lipkin@lipkin.com
0ccfae64-eebd-466a-9ac9-bf3eac63ba86,jacqueline.rowling@yahoo.com
607a636c-b5ed-4625-af1f-2d0c33600b4b,lonny_weglarz@gmail.com
31a6a2b7-9df4-468d-993e-b6fcaf7f0ee6,lonna_diestel@gmail.com
4f7266af-5146-4f73-900c-20c1b97935f2,cristal@cox.net
143855b0-5bec-474a-ab1b-a42b44ea7fd8,kenneth.grenet@grenet.org
97237b32-78ae-47b6-8257-88b2b2d86d99,emclaird@mclaird.com
0907136b-0ce8-4df1-92db-ec529bb82fa7,ajeanty@gmail.com
d82ceee5-6b17-4303-a35e-7bca603685b4,sharika.eanes@aol.com
3aebfc6b-7aac-4be2-b509-33c3b0739113,nu@gmail.com
b7b8abe7-79a0-4030-ae99-150c673eece1,dcomnick@cox.net
4392f251-21e5-4e66-9f2f-cde724d93a7f,cecilia_colaizzo@colaizzo.com
d11e7960-33a1-463b-99d6-b59935f038c7,leslie@cox.net
30ed0639-db61-489a-b012-3db10287fedf,nan@koppinger.com
fb98548a-6750-4a83-8734-f11d16309cc7,idewar@dewar.com
b2a3794d-0fc6-4445-a319-cbb550eb8fd1,tegan.arceo@arceo.org
55ad5265-89d5-4df5-a525-9d1e99ae4051,ruthann@hotmail.com
72eaf0e7-10d5-408a-95d2-f27e591e7218,joni_breland@cox.net
8a53c120-b37b-46e9-ab2a-14bbee6b6de3,vrentfro@cox.net
cb77a8c7-0ac5-4683-87e9-6f4478324629,colette.kardas@yahoo.com
c2868a56-8e16-4c38-b1ce-8cf825f07f5b,malcolm_tromblay@cox.net
2ce81d9e-2bc4-4a7e-ba4a-2c0e75c8bb9c,ryan@cox.net
8eec39ed-65a3-4a8b-bd12-67de1a496191,jess.chaffins@chaffins.org
e94478b8-114a-4fe9-a241-41ee7e1e2799,sbourbon@yahoo.com
aef9bd3a-735b-4f1c-a932-934e8aeecbdf,nickolas_juvera@cox.net
54d495f0-2026-4a69-85f6-75e4ef97965c,gary_nunlee@nunlee.org
65b8aa8f-a4dc-41e4-922f-1ff97e09de8f,diane@cox.net
b16ddd63-4a59-48e1-a31a-5cb6758fb184,roslyn.chavous@chavous.org
1800eb0f-148a-40b9-8e5e-4af171ac65da,glory@yahoo.com
fc3417b5-aca2-4330-9e23-5b2f255a45b3,rasheeda@aol.com
bac7a4ba-8a13-461c-bfcd-98f738f91973,alpha@yahoo.com
1a0c6937-2de5-4bf7-98e7-fb4e68cde6e0,refugia.jacobos@jacobos.com
a1da3e64-58e9-4c70-8bbd-9dfc8128b75b,shawnda.yori@yahoo.com
9f4e5ea3-9d71-49ca-b683-66734bc69a69,mdelasancha@hotmail.com
f9eadc15-2853-4ddb-9704-bf51fb679214,gilma_liukko@gmail.com
3b35d4fa-e22e-44f7-b121-5e8d0f153746,jgabisi@hotmail.com
0be9e07e-29fb-4bae-a4b4-0f6aaf616ea7,lili.paskin@cox.net
c08bf3ec-b0d8-491a-80da-169cbf5db6fc,loren.asar@aol.com
c5dd1901-495e-4f9c-82bf-044289a6f8cc,dorothy@cox.net
294cb35a-2e58-4545-a00e-ba59fd9d2ca2,gail_similton@similton.com
4a7c4d2f-f708-4b74-8303-011f97abade3,catalina@hotmail.com
9df72960-6b2d-48d9-91b5-bcefec861b8c,lawrence.lorens@hotmail.com
f8c8389e-dc8f-4688-a77d-8d0cd202ca5b,carlee.boulter@hotmail.com
afbb83cb-ae47-4308-b9e0-30728b7477b3,tankeny@ankeny.org
6d806fa4-321d-4d02-95d4-65e8ac17186e,joles@gmail.com
26cd7f21-836e-4243-9acd-42e9f96b7c90,alesia_hixenbaugh@hixenbaugh.org
d086e063-bf97-4903-b258-353e247d67a6,lai@gmail.com
a36ea4e4-5f4c-43e8-b1f4-74508f74f095,bgillaspie@gillaspie.com
57a3c57d-f9f6-4cec-a977-e4ec6ad9b29b,rkampa@kampa.org
787e9600-f816-4ef9-b978-830cb0ba9e74,flo.bookamer@cox.net
c932d846-dc91-425b-89e4-c8a23e935cab,jbiddy@yahoo.com
0f7f18b5-b136-4111-a878-445619d51ec6,chauncey_motley@aol.com
